cycle,converged,status,neg2ll,nspp,gamlam.0,ka.mean,ka.median,ka.sd,ke.mean,ke.median,ke.sd,k23.mean,k23.median,k23.sd,k32.mean,k32.median,k32.sd,v.mean,v.median,v.sd,lag1.mean,lag1.median,lag1.sd
1,false,Continue,603.5916658048318,8,5.50000,0.2735530614852905,0.24610671997070313,0.012068431140382928,0.05760996519029141,0.0509976077079773,0.0005637320058897581,2.1561599522829056,2.2412216663360596,1.6640860023914767,3.4128092229366302,3.9020490646362305,1.4885511481201366,73.7246498465538,75.2075868844986,590.0671219594622,2.0782647728919983,2.19711971282959,1.152568890804263
2,false,Continue,593.9109600091369,10,5.50000,0.20715752410888671,0.2020340156555176,0.005388314974968284,0.06017978840827942,0.055251847946643826,0.0003675603554636833,1.250444769859314,0.7915079593658447,1.3052377070909118,3.340072762966156,3.5727481842041016,1.380754375942958,76.45997979640961,75.2075868844986,541.5793047676185,1.8545047283172607,2.1567530632019043,0.7036297449935295
3,false,Continue,587.7226144090725,8,5.00000,0.19181831359863283,0.2020340156555176,0.003170906124225751,0.0697161429643631,0.06769511263370515,0.0003515992867266993,1.4371887743473053,0.9005941152572632,1.103475930485338,3.87744964659214,4.65029764175415,1.7394200232003907,60.40093347430229,58.56860947608948,156.69114458801826,2.411846435070038,2.19711971282959,0.8062947618857351
4,false,Continue,584.332267994308,10,5.00000,0.21337299728393555,0.22854900360107422,0.005032584581029515,0.07596299239635469,0.07602606102228165,0.0003025625233192111,1.5534151792526245,0.9005941152572632,1.4491302266948607,4.132933127880096,4.5390403270721436,0.6433121121718286,59.26372883319855,58.56860947608948,169.07359185340567,2.6097916221618656,2.642080307006836,0.829251174068191
5,false,Continue,583.6992444344821,9,5.00000,0.20648742251926,0.24012298583984376,0.006416031951337371,0.07597873389720916,0.08435700941085816,0.00028421112178659327,1.4169001049465604,0.7915079593658447,1.7672829395351044,4.493613176875645,4.761554956436157,0.23540040299424844,56.800227642059326,58.56860947608948,185.06726010917822,2.4734124925401475,2.1567530632019043,0.7559534335428492
6,false,Continue,583.5097599509593,8,4.76190,0.2007870435714722,0.18442392349243164,0.006998380651430773,0.07493144945800306,0.07602606102228165,0.00031353129087675853,1.2849172353744507,0.7915079593658447,1.8405801586179515,4.458978101611137,4.761554956436157,0.32026601644348496,57.202349066734314,58.56860947608948,209.8422232543251,2.5017547726631166,2.1567530632019043,0.5106633220856731
7,false,Continue,583.5093804519022,9,4.76190,0.20648742251926,0.24012298583984376,0.006416031951337371,0.07377873389720917,0.06769511263370515,0.0002862986579940308,1.194677882724338,0.7915079593658447,1.6837959056911098,4.493613176875645,4.761554956436157,0.2910290603352518,58.800227642059326,58.56860947608948,206.59088882087866,2.5623013814290365,2.1567530632019043,0.4798234333224445
8,false,Continue,583.5040277299133,9,4.76190,0.20648742251926,0.24012298583984376,0.006416031951337371,0.07377873389720917,0.06769511263370515,0.0002862986579940308,1.194677882724338,0.7915079593658447,1.6837959056911098,4.382502065764533,4.761554956436157,0.3328700209173492,58.800227642059326,58.56860947608948,206.59088882087866,2.5623013814290365,2.1567530632019043,0.4798234333224445
9,false,Continue,583.3720486104512,9,4.88095,0.20648742251926,0.24012298583984376,0.006416031951337371,0.07377873389720917,0.06769511263370515,0.0002862986579940308,1.194677882724338,0.7915079593658447,1.6837959056911098,4.271390954653422,4.761554956436157,0.5969332037216687,58.800227642059326,58.56860947608948,206.59088882087866,2.5623013814290365,2.1567530632019043,0.4798234333224445
10,false,Continue,583.3720486104512,9,4.88095,0.20648742251926,0.24012298583984376,0.006416031951337371,0.07377873389720917,0.06769511263370515,0.0002862986579940308,1.194677882724338,0.7915079593658447,1.6837959056911098,4.271390954653422,4.761554956436157,0.5969332037216687,58.800227642059326,58.56860947608948,206.59088882087866,2.5623013814290365,2.1567530632019043,0.4798234333224445
11,false,Continue,579.8553738194366,9,4.88095,0.17500235663519967,0.12872486114501955,0.005811959440588828,0.07852741203308106,0.08435700941085816,0.0003172109010894188,1.2300939824846056,0.7915079593658447,1.700057940307522,4.492597752147251,4.761554956436157,0.29040529250758274,54.35415577888489,49.56860947608948,216.1217903920892,2.418976804945204,2.1567530632019043,0.34852839165052907
12,false,Continue,579.6189768998258,10,4.82069,0.17037460708618166,0.12872486114501955,0.0053803468282966555,0.07843418209314347,0.08097606102228166,0.0002820521636298244,1.0362353801727295,0.6321355104446411,1.7411526986325905,4.5194934725761415,4.761554956436157,0.2653718355584086,53.87560114860535,49.56860947608948,194.39840346792138,2.432754430770874,2.1567530632019043,0.3117012445343919
13,false,Continue,579.4729880076436,10,4.82069,0.17837460708618166,0.12872486114501955,0.007473072997458983,0.07843418209314347,0.08097606102228166,0.0002820521636298244,0.9862353801727295,0.3821355104446411,1.7933446342777997,4.569493472576141,4.761554956436157,0.18211446105982926,53.87560114860535,49.56860947608948,194.3984034679214,2.552754430770874,2.556753063201904,0.3109897687382223
14,false,Continue,579.4272809256181,10,4.82069,0.17837460708618166,0.12872486114501955,0.007473072997458983,0.07843418209314347,0.08097606102228166,0.0002820521636298244,1.0362353801727295,0.3821355104446411,1.8724032655389895,4.619493472576141,4.761554956436157,0.14885708656125002,53.87560114860535,49.56860947608948,194.39840346792138,2.552754430770874,2.556753063201904,0.3109897687382223
15,false,Continue,579.4272809256182,10,4.82069,0.17837460708618166,0.12872486114501955,0.007473072997458983,0.07843418209314347,0.08097606102228166,0.0002820521636298244,1.0362353801727295,0.3821355104446411,1.8724032655389895,4.619493472576141,4.761554956436157,0.14885708656125002,53.87560114860535,49.56860947608948,194.39840346792138,2.552754430770874,2.556753063201904,0.3109897687382223
16,false,Continue,578.3229584148918,12,4.82069,0.17009964942932132,0.12872486114501955,0.006487832039136429,0.07788183718323709,0.08007011263370514,0.0002380028015125809,0.8079474767049154,0.2571355104446411,1.765379440995992,4.664003719886144,4.761554956436157,0.12560405261940838,53.157769203186035,49.56860947608948,210.78509159924127,2.4700875361760453,2.3567530632019045,0.2644488042146498
17,false,Continue,578.035643160247,9,4.70312,0.188335689968533,0.12872486114501955,0.009724602364579712,0.07522741203308105,0.07759511263370514,0.0002567513491297849,0.9800939824846056,0.2227630615234375,2.2627918438347825,4.603708863258362,4.761554956436157,0.24316978954266233,56.35415577888489,49.56860947608948,237.10350881307153,2.5300879160563152,2.1567530632019043,0.337602320377573
18,false,Continue,577.9622421547434,9,4.70312,0.19278013441297748,0.12872486114501955,0.011489953342159466,0.07522741203308106,0.07759511263370514,0.0002567513491297849,1.0078717602623835,0.2227630615234375,2.3317781057191542,4.603708863258362,4.761554956436157,0.24316978954266233,56.35415577888489,49.56860947608948,237.10350881307156,2.5300879160563152,2.1567530632019043,0.337602320377573
19,false,Continue,577.918315186253,10,4.70312,0.21471116638183596,0.14442392349243166,0.015022993491888246,0.07416037177085877,0.07512011263370513,0.00023960917066073183,1.1793608903884887,0.3821355104446411,2.4829499489700493,4.620407354831696,4.761554956436157,0.21893932024616905,58.32706582546234,54.06860947608948,249.68241501937052,2.581746549606323,2.456753063201904,0.3267770956492718
20,false,Continue,577.8562200059423,9,4.76190,0.19722457885742192,0.12872486114501955,0.013460834316823095,0.07522741203308106,0.07759511263370514,0.0002567513491297849,1.0634273158179388,0.2227630615234375,2.6421120133233718,4.575931085480584,4.761554956436157,0.3322810174987453,56.35415577888489,49.56860947608948,237.10350881307156,2.5300879160563152,2.1567530632019043,0.3376023203775731
21,false,Continue,577.8444822620795,9,4.76190,0.19722457885742192,0.12872486114501955,0.013460834316823095,0.07522741203308106,0.07759511263370514,0.0002567513491297849,1.0912050935957167,0.2227630615234375,2.7371399418744105,4.575931085480584,4.761554956436157,0.33228101749874533,56.35415577888489,49.56860947608948,237.10350881307156,2.5523101382785374,2.1567530632019043,0.3833658934942994
22,false,Continue,577.8347862652681,9,4.76190,0.20166902330186637,0.12872486114501955,0.015787270847042286,0.07522741203308106,0.07759511263370514,0.0002567513491297849,1.0912050935957167,0.2227630615234375,2.7371399418744105,4.575931085480584,4.761554956436157,0.33228101749874533,56.35415577888489,49.56860947608948,237.10350881307156,2.5523101382785374,2.1567530632019043,0.3833658934942994
23,false,Continue,577.8271974485738,9,4.76190,0.20166902330186637,0.12872486114501955,0.015787270847042286,0.07522741203308106,0.07759511263370514,0.0002567513491297849,1.1189828713734944,0.2227630615234375,2.8460567593143367,4.575931085480584,4.761554956436157,0.33228101749874533,56.35415577888489,49.56860947608948,237.10350881307156,2.5523101382785374,2.1567530632019043,0.3833658934942994
24,false,Continue,577.8271974485738,9,4.76190,0.20166902330186634,0.12872486114501955,0.015787270847042283,0.07522741203308106,0.07759511263370514,0.0002567513491297849,1.1189828713734944,0.2227630615234375,2.8460567593143367,4.575931085480584,4.761554956436157,0.33228101749874533,56.35415577888489,49.56860947608948,237.10350881307156,2.5523101382785374,2.1567530632019043,0.3833658934942994
25,false,Continue,577.573164852726,9,4.76190,0.20166902330186637,0.12872486114501955,0.01717911159106084,0.07467741203308106,0.07759511263370514,0.00026266944463651266,1.04953842692905,0.0977630615234375,2.974025770150885,4.645375529925029,4.886554956436157,0.36696130536984134,56.60415577888489,49.56860947608948,228.78663901774914,2.5523101382785374,2.1567530632019043,0.3833658934942994
26,false,Continue,577.4836136262796,9,4.76190,0.20648742251926,0.16012298583984375,0.016597247619061988,0.07625373389720919,0.08254511263370513,0.0002705778186298001,1.069677882724338,0.0977630615234375,3.0793770915088285,4.660279843542311,4.886554956436157,0.37285659531880727,59.800227642059326,58.56860947608948,205.4063109236876,2.6845236036512587,2.756753063201904,0.38528237822592426
27,false,Continue,577.3968718762985,9,4.76190,0.20166902330186634,0.12872486114501955,0.017179111591060843,0.07687741203308106,0.08254511263370513,0.0002835080174904653,1.2023162047068279,0.10390138626098633,2.9476588218973063,4.687042196591695,4.886554956436157,0.32793079443763423,58.60415577888489,58.56860947608948,186.5715668478492,2.6411990271674264,2.756753063201904,0.32438828322411706
28,false,Continue,577.3616430115144,11,4.76190,0.1887124113603072,0.12872486114501955,0.014841755652669028,0.07784762094020845,0.08254511263370513,0.0002320565134471343,0.8827378966591575,0.0977630615234375,2.6364871372378107,4.724148045886647,4.886554956436157,0.26916418951089566,57.73538797551935,49.56860947608948,171.94462774739583,2.6067471417513763,2.1567530632019043,0.32738748871500223
29,false,Continue,577.2754729086704,9,4.76190,0.1994468010796441,0.12872486114501955,0.01758827684628952,0.07742741203308107,0.08502011263370514,0.000289771189364601,1.04953842692905,0.0977630615234375,3.0880061006777138,4.687042196591695,4.886554956436157,0.32793079443763423,56.85415577888489,49.56860947608948,199.35954160778553,2.607865693834093,2.2567530632019044,0.3349811070474102
30,false,Continue,577.1725572488346,10,4.70312,0.2162114219665528,0.140407657623291,0.020637307685523434,0.07995404791355135,0.08625761263370514,0.00030333350524662365,1.4259724378585816,0.10083222389221191,4.266708029137873,4.54724200963974,4.886554956436157,0.48693496221813537,58.77839663028717,54.06860947608948,228.62448737960565,2.702726173400879,2.506753063201904,0.3877460898785487
31,false,Continue,577.1299214045669,10,4.70312,0.19071116638183594,0.140407657623291,0.01632320630113304,0.07985287177085879,0.08749511263370514,0.0002892755170323827,0.9293608903884888,0.0977630615234375,2.8299459980563015,4.707907354831695,4.886554956436157,0.25121832523060084,57.20206582546234,54.06860947608948,193.68354220280787,2.6817465496063235,2.506753063201904,0.359229153381748
32,false,Continue,576.9470725170249,9,4.70312,0.19500235663519966,0.12872486114501955,0.018156446058630826,0.07935241203308106,0.08749511263370514,0.0003234378724719176,1.0078717602623835,0.0977630615234375,3.0926652070117644,4.700931085480584,4.886554956436157,0.2820730971262592,56.10415577888489,47.31860947608948,204.3331621864322,2.6189768049452042,2.2567530632019044,0.35980733805021786
33,false,Continue,576.8975169775773,8,4.70312,0.20578704357147218,0.140407657623291,0.019553898066068755,0.07833457445800306,0.08749511263370514,0.00035898735143857313,1.1130422353744507,0.10083222389221191,3.3983845685646656,4.693353101611137,4.886554956436157,0.3221049746004452,57.202349066734314,54.06860947608948,221.11874938186787,2.6892547726631166,2.556753063201904,0.3661216038070609
34,false,Continue,576.8851804732052,9,4.70312,0.19500235663519966,0.12872486114501955,0.018156446058630826,0.08017741203308106,0.08997011263370515,0.0003416155729618261,0.9800939824846056,0.0977630615234375,3.113132389012242,4.7148199743694725,4.886554956436157,0.2859892924095928,55.35415577888489,45.06860947608948,221.69002157239942,2.6411990271674264,2.3567530632019045,0.36838862511635956
35,false,Continue,576.8364473055918,9,4.70312,0.1950023566351997,0.12872486114501955,0.018156446058630822,0.08045241203308107,0.09178200941085818,0.0003514182439584623,0.9800939824846056,0.0977630615234375,3.113132389012242,4.7148199743694725,4.886554956436157,0.2859892924095928,55.35415577888489,45.06860947608948,221.69002157239944,2.6411990271674264,2.3567530632019045,0.3683886251163596
36,false,Continue,576.7674841844756,8,4.70312,0.20328704357147218,0.140407657623291,0.020044253394219915,0.07926269945800306,0.08840106102228165,0.0003888124641220269,1.0817922353744507,0.10083222389221191,3.4380923739938516,4.693353101611137,4.886554956436157,0.3221049746004453,56.358599066734314,51.81860947608948,244.4291310923972,2.7142547726631165,2.556753063201904,0.4029741454581055
37,false,Continue,576.7648668654215,8,4.70312,0.2032870435714722,0.140407657623291,0.020044253394219915,0.07926269945800306,0.08840106102228165,0.0003888124641220269,1.0661672353744507,0.10083222389221191,3.463805651708445,4.693353101611137,4.886554956436157,0.3221049746004452,56.358599066734314,51.81860947608948,244.4291310923972,2.7142547726631165,2.556753063201904,0.40297414545810556
38,false,Continue,576.7648668654215,8,4.70312,0.20328704357147218,0.140407657623291,0.020044253394219915,0.07926269945800306,0.08840106102228165,0.00038881246412202693,1.0661672353744507,0.10083222389221191,3.463805651708445,4.693353101611137,4.886554956436157,0.3221049746004452,56.358599066734314,51.81860947608948,244.4291310923972,2.714254772663117,2.556753063201904,0.4029741454581055
39,false,Continue,576.6496834449682,11,4.70312,0.18398809606378733,0.12872486114501955,0.01525774919088999,0.0753845614910126,0.08502011263370514,0.00041384092860793844,0.8037504716352983,0.04150795936584473,2.6314276868211754,4.7718283479863945,4.920177102088928,0.24264641358132444,54.15566266666759,42.81860947608948,213.34688003402002,2.624068294871937,2.3567530632019045,0.33193567599221985
40,false,Continue,576.6171169164286,12,4.70312,0.18299662590026855,0.140407657623291,0.013800053491979476,0.07541039048433303,0.07512011263370513,0.0004103351314980002,0.7240848541259766,0.04150795936584473,2.492940410929567,4.78735880057017,4.895693778991699,0.20560663244674607,53.357962131500244,42.81860947608948,211.6357127473117,2.663452124595642,2.3817530632019044,0.3642768135945007
41,false,Continue,576.563532175863,12,4.70312,0.20882995923360193,0.140407657623291,0.02006640259665847,0.07345101548433305,0.06707636263370514,0.00039326792245002705,0.9688765207926432,0.04150795936584473,2.875301509601971,4.808192133903503,4.949054956436157,0.194105090351764,54.107962131500244,42.57494366168976,250.5416177014417,2.6342854579289754,2.3567530632019045,0.321738774054701
42,false,Continue,576.5203971819176,11,4.70312,0.1888395136052912,0.15209045410156247,0.015396150782208245,0.07689927937984468,0.08378261263370514,0.0004484252474125437,0.7861372991041704,0.04150795936584473,2.7264859625529057,4.801068240945989,4.949054956436157,0.19432503320646038,53.80472146381032,42.33127784729004,224.5611784829054,2.695879311995073,2.3567530632019045,0.38212893690993843
43,false,Continue,576.4781298596171,11,4.70312,0.21202156413685194,0.15209045410156247,0.01943341209784834,0.07721625769138339,0.08378261263370514,0.00046077195441545006,1.231920524076982,0.04150795936584473,4.176035776700642,4.6890997453169385,4.949054956436157,0.3418288589735717,55.13547674092379,42.33127784729004,273.03538274384664,2.7149516972628507,2.3567530632019045,0.4130350799660164
44,false,Continue,576.4768374727311,11,4.70312,0.1888395136052912,0.15209045410156247,0.015396150782208245,0.07712427937984469,0.08378261263370514,0.0004569616362778953,0.7861372991041704,0.04150795936584473,2.7264859625529057,4.818113695491444,4.949054956436157,0.19849729304655872,53.70244873653758,42.33127784729004,222.44793997539608,2.7004247665405274,2.4067530632019043,0.374366984769824
45,false,Continue,576.4453266725058,10,4.70312,0.1925144195556641,0.140407657623291,0.016941773901137,0.07541100637674333,0.07573886263370513,0.00047185920895908916,0.8612247228622436,0.04150795936584473,2.960518476977819,4.810355687141419,4.949054956436157,0.20010646807601615,52.7018679857254,42.01244366168976,235.20920527504617,2.625799818038941,2.3817530632019044,0.34789919160257154
46,false,Continue,576.4403555880748,11,4.70312,0.18883951360529122,0.15209045410156247,0.015396150782208243,0.07734927937984469,0.08378261263370514,0.000465999212643247,0.7861372991041704,0.04150795936584473,2.7264859625529057,4.818113695491444,4.949054956436157,0.19849729304655872,53.49790328199213,42.33127784729004,218.6586788694686,2.7004247665405274,2.4067530632019043,0.374366984769824
47,false,Continue,576.4272162532799,11,4.70312,0.18883951360529122,0.15209045410156247,0.015396150782208243,0.07746177937984468,0.08378261263370514,0.0004706293758259229,0.7861372991041704,0.04150795936584473,2.7264859625529057,4.823795513673262,4.949054956436157,0.182082739577681,53.3956305547194,42.33127784729004,216.9826562710503,2.700424766540528,2.4067530632019043,0.37436698476982394
48,false,Continue,576.4129484956115,11,4.70312,0.21202156413685194,0.15209045410156247,0.01943341209784834,0.07755375769138338,0.08378261263370514,0.00047467768131716014,1.231920524076982,0.04150795936584473,4.176035776700642,4.6890997453169385,4.949054956436157,0.3418288589735717,54.93093128637834,42.33127784729004,270.1441092398928,2.7194971518083055,2.4067530632019043,0.4096803663526797
49,false,Continue,576.4041765924412,12,4.70312,0.20619397163391115,0.14709045410156246,0.018074268283335193,0.07925507033467295,0.08997011263370515,0.00046625874135638513,1.1321990688641865,0.04150795936584473,3.915728584194038,4.706315914789836,4.949054956436157,0.3143102660536265,55.287375032901764,50.76976704597473,247.11017958767587,2.7800952434539794,2.581753063201904,0.4165022412174247
50,false,Continue,576.3965080235268,11,4.70312,0.18702133178710936,0.14209045410156246,0.015559510656586803,0.07779927937984468,0.08378261263370514,0.0004855779278739505,0.7861372991041704,0.04150795936584473,2.7264859625529057,4.818113695491444,4.949054956436157,0.18075787489756429,53.19108510017395,42.33127784729004,213.81470198330447,2.709515675631437,2.4067530632019043,0.3803998158751429
51,false,Continue,576.3548721067051,10,4.70312,0.19151441955566412,0.135407657623291,0.017041604935479446,0.07578225637674334,0.07573886263370513,0.000489806364587234,0.8612247228622436,0.04150795936584473,2.960518476977819,4.810355687141419,4.949054956436157,0.20010646807601615,52.476867985725406,42.01244366168976,231.33726114557916,2.635799818038941,2.4067530632019043,0.35625056845397124
52,false,Continue,576.3541290957897,10,4.70312,0.19151441955566412,0.135407657623291,0.017041604935479446,0.07578225637674334,0.07573886263370513,0.000489806364587234,0.8612247228622436,0.04150795936584473,2.960518476977819,4.8166056871414185,4.949054956436157,0.20168234435171448,52.476867985725406,42.01244366168976,231.33726114557916,2.635799818038941,2.4067530632019043,0.35625056845397124
53,false,Continue,576.3541290957984,10,4.70312,0.19151441955566412,0.135407657623291,0.017041604935479446,0.07578225637674334,0.07573886263370513,0.000489806364587234,0.8612247228622436,0.04150795936584473,2.960518476977819,4.8166056871414185,4.949054956436157,0.20168234435171448,52.476867985725406,42.01244366168976,231.33726114557916,2.635799818038941,2.4067530632019043,0.35625056845397124
54,false,Continue,576.2477729565182,11,4.70312,0.21020338231867008,0.14209045410156246,0.01975123136026622,0.07761000769138339,0.08378261263370514,0.0004775731516783631,1.2205568877133457,0.04150795936584473,4.23688824566266,4.700463381680575,4.949054956436157,0.32989349621190084,54.93093128637834,42.33127784729004,269.9540429201888,2.7285880608992144,2.4067530632019043,0.4153317497526429
55,false,Continue,576.2179950391507,13,4.70312,0.19715788621168873,0.14209045410156246,0.01773273864128554,0.07850863128075235,0.08378261263370514,0.0004445064328790638,1.0218574450566218,0.010257959365844727,3.7383235972484505,4.746622764147245,4.958193778991699,0.28007278605182356,54.32823922083928,42.33127784729004,241.90570072955606,2.762915075742282,2.4067530632019043,0.39088220472130564
56,false,Continue,576.1822760492803,13,4.70312,0.1938220713688777,0.12372486114501954,0.01830573530819127,0.08070146614404829,0.09588752083778382,0.0004522813759470511,1.0247416679675763,0.010257959365844727,3.772845171106719,4.7483236239506645,4.949054956436157,0.2737090089953626,52.894420238641594,41.76877784729004,253.41854678802216,2.6502288304842434,2.4067530632019043,0.38151645563893255
57,false,Continue,576.1751594397869,11,4.70312,0.2092942914095792,0.14209045410156246,0.020240246779966144,0.07783500769138338,0.08378261263370514,0.0004803711278357303,1.2091932513497092,0.010257959365844727,4.313981457156371,4.7203497453169385,4.980304956436157,0.3148897306342811,54.87979492274198,42.33127784729004,276.02975298381966,2.735406242717396,2.4067530632019043,0.40582012715035365
58,false,Continue,576.1502101020178,10,4.70312,0.21835123443603516,0.1511067199707031,0.021486595992374423,0.0788489971971512,0.08952569173574448,0.000521471489707884,1.3290867805480957,0.010257959365844727,4.638414871960852,4.697479224205017,4.964679956436157,0.3341267734505739,56.25466346740723,50.48851704597473,283.5965047973448,2.7657715606689455,2.581753063201904,0.4340032703681065
59,false,Continue,576.1462213450313,10,4.70312,0.19001441955566406,0.13040765762329098,0.018018217975979665,0.07627725637674333,0.07666698763370514,0.0004940636987706288,0.8299747228622436,0.010257959365844727,3.090257849244482,4.835355687141418,4.980304956436157,0.18822188603332204,52.476867985725406,42.05002784729004,240.85015154408146,2.6407998180389405,2.4067530632019043,0.34282219649470896
60,false,Continue,576.1370283425675,12,4.70312,0.2063299592336019,0.13040765762329098,0.02236203426544288,0.07716351548433305,0.07635761263370514,0.0004596966179007504,0.9584598541259766,0.010257959365844727,3.0784562175503383,4.8602754672368365,4.980304956436157,0.14973443594579444,53.451712131500244,42.05002784729004,263.26386255205557,2.653035457928975,2.4067530632019043,0.3291513573408132
61,false,Continue,576.1272827492807,11,4.70312,0.18216991424560547,0.11872486114501954,0.01689329507753661,0.07853456149101258,0.08316386263370514,0.0004947345346865337,0.7554550170898438,0.010257959365844727,2.861614023240975,4.84853289344094,4.949054956436157,0.1546611034874013,51.24088993939486,41.76877784729004,233.25278918079493,2.6058864766901197,2.4067530632019043,0.32777293823254317
62,false,Continue,576.1193027476054,11,4.70312,0.1830790051546964,0.11872486114501954,0.01674549588042635,0.07605956149101259,0.07017011263370515,0.0004560516149645725,0.7526141079989347,0.010257959365844727,2.865969658260842,4.85137380253185,4.949054956436157,0.14734680335668726,51.087480848485775,41.76877784729004,236.92371792806958,2.626341022144665,2.4067530632019043,0.31836381329461855
63,false,Continue,576.1101696129948,11,4.70312,0.2088397459550337,0.14209045410156246,0.020696454530459974,0.0784537576913834,0.08316386263370514,0.0004853947699704564,1.200670524076982,0.010257959365844727,4.373315250839855,4.743077018044212,4.980304956436157,0.26072482790385954,54.57297674092379,42.33127784729004,289.83627194083846,2.7422244245355785,2.4067530632019043,0.41009988616725773
64,false,Continue,576.104546233609,12,4.70312,0.2000801722208659,0.13040765762329098,0.019735720248106402,0.08029001643657686,0.08921631673574448,0.00047838887685200946,1.1014694770177205,0.010257959365844727,4.093831309978987,4.765450179576874,4.980304956436157,0.24285171428710778,53.312196135520935,42.05002784729004,282.5623327657368,2.6996851444244387,2.4067530632019043,0.39398977107454325
65,false,Continue,576.102225461694,13,4.70312,0.19343745598426232,0.11872486114501954,0.018664710721098012,0.07960675460558674,0.08316386263370514,0.0004445921446002857,1.0175301295060377,0.010257959365844727,3.844274283603003,4.784381316258357,4.980304956436157,0.22711035418187117,52.245381777103134,41.76877784729004,273.81067908116853,2.6771519074073207,2.4067530632019043,0.36775799816776966
66,false,Continue,576.0938728103043,12,4.70312,0.1996635055541992,0.12790765762329098,0.019811762955145053,0.08039314143657687,0.08921631673574448,0.0004763091250588632,1.1014694770177205,0.010257959365844727,4.093831309978987,4.768054346243541,4.980304956436157,0.24397630345486887,53.265321135520935,42.05002784729004,284.007078134315,2.701768477757772,2.4067530632019043,0.39743725944029457
67,false,Continue,576.0790341823284,12,4.70312,0.1996635055541992,0.12790765762329098,0.019811762955145053,0.08044470393657686,0.08921631673574448,0.0004753301573654153,1.1014694770177205,0.010257959365844727,4.093831309978987,4.768054346243541,4.980304956436157,0.24397630345486887,53.218446135520935,42.05002784729004,285.4470294688023,2.701768477757772,2.4067530632019043,0.39743725944029457
68,false,Continue,576.0782772133065,12,4.70312,0.1996635055541992,0.12790765762329098,0.019811762955145053,0.08049626643657687,0.08921631673574448,0.00047434538889071714,1.1014694770177205,0.010257959365844727,4.093831309978987,4.768054346243541,4.980304956436157,0.24397630345486887,53.171571135520935,42.05002784729004,286.93971517828965,2.703851811091105,2.4067530632019043,0.40098891447271257
69,false,Continue,576.0714156943942,12,4.70312,0.1996635055541992,0.12790765762329098,0.019811762955145053,0.08059939143657686,0.08921631673574448,0.0004724976683475711,1.1014694770177205,0.010257959365844727,4.093831309978987,4.768054346243541,4.980304956436157,0.24397630345486887,53.171571135520935,42.05002784729004,286.93971517828965,2.701768477757772,2.4067530632019043,0.3965972765405421
70,false,Continue,576.0690257282939,12,4.70312,0.1996635055541992,0.12790765762329098,0.019811762955145053,0.08065095393657686,0.08921631673574448,0.0004716347162791229,1.1014694770177205,0.010257959365844727,4.093831309978987,4.768054346243541,4.980304956436157,0.24397630345486887,53.124696135520935,42.05002784729004,288.4276068536861,2.701768477757772,2.4067530632019043,0.3965972765405421
71,false,Continue,576.0689206832117,14,4.70312,0.18631512778145923,0.11372486114501953,0.017916072645873308,0.08030279803616662,0.08316386263370514,0.0004036283639748886,0.9455821173531669,0.010257959365844727,3.6210321075104983,4.7961437191282,4.980304956436157,0.21157728463492667,52.73721946988787,42.05002784729004,267.52560457646126,2.6846234185355056,2.4067530632019043,0.34219323835597737
72,false,Continue,576.0509354132969,12,4.70312,0.20827709197998048,0.14209045410156246,0.022080947551284983,0.07819106938242916,0.07821386263370514,0.00047026159622725054,0.9527311126391093,0.010257959365844727,3.1125604080502067,4.879266202449799,4.981491029262543,0.13183447875618592,54.37220352888107,50.20726704597473,264.21287551555906,2.77615389029185,2.581753063201904,0.3665253268176383
73,false,Continue,576.0472467621681,13,4.70312,0.222801393362192,0.14209045410156246,0.02314593092226784,0.07948094064822567,0.08316386263370514,0.00045542746970015383,1.2629636067610521,0.010257959365844727,4.1043549793646,4.7954026735745945,4.989443778991699,0.22179484427377635,56.32455820303697,58.364506244659424,289.1976997319146,2.8448320902310886,2.756753063201904,0.3969656776634045
74,false,Continue,576.0400801240858,12,4.70312,0.20765209197998047,0.14209045410156246,0.021885373917917613,0.07811372563242915,0.07821386263370514,0.0004728060733160373,0.9501269459724426,0.010257959365844727,3.0999214362762433,4.883172452449799,4.989443778991699,0.13270789220110596,54.44251602888107,50.34789204597473,265.46041949770455,2.777195556958517,2.581753063201904,0.3681758939265729
75,false,Continue,576.0386002172397,13,4.70312,0.2002346126849835,0.14209045410156246,0.020776839746283363,0.07776445732483499,0.07357323763370516,0.0004366140493378521,0.8766274085411658,0.010257959365844727,2.9035791875628063,4.893048029679519,4.989443778991699,0.11961722782024455,53.20221552482018,42.33127784729004,264.698640971404,2.7486999805157,2.4067530632019043,0.3480505418312008
76,false,Continue,576.0322844935305,11,4.70312,0.20560951579700815,0.14209045410156246,0.020874602733459178,0.08417931714057923,0.09495939583778382,0.000361065824712157,1.2001124945553867,0.010257959365844727,4.386043065912989,4.763578534126282,4.989443778991699,0.25118466005941686,55.82599750432101,58.364506244659424,287.22528712698943,2.8794487259604717,2.756753063201904,0.41088690884778084
77,false,Continue,576.0314332484227,11,4.70312,0.20560951579700815,0.14209045410156246,0.020874602733459174,0.08420744214057924,0.09495939583778382,0.0003604374172926691,1.1986920400099321,0.010257959365844727,4.379939789993487,4.764998988671736,4.989443778991699,0.25189153768657285,55.82599750432101,58.364506244659424,288.64911525198943,2.8794487259604717,2.756753063201904,0.41088690884778084
78,false,Continue,576.0301078122378,14,4.70312,0.2142959267752511,0.14209045410156246,0.021983584373472732,0.07905896186147418,0.07821386263370514,0.00042410825678209204,1.1679042748042516,0.010257959365844727,3.8767567582631077,4.811958193778992,4.989443778991699,0.20247376341254372,55.038419008255005,50.48851704597473,293.15366328313974,2.8171121597290036,2.581753063201904,0.3834033605663914
79,false,Continue,576.0267304033804,12,4.70312,0.20119397163391115,0.14209045410156246,0.01916706913463691,0.08136913283467294,0.08859756673574448,0.00047262357589173066,1.09834490219752,0.010257959365844727,4.093693230563257,4.783138831456502,4.989443778991699,0.2329409537428658,56.857687532901764,58.505131244659424,253.9051503848814,2.84884524345398,2.756753063201904,0.4038885703914666
80,false,Continue,576.0257333074007,11,4.70312,0.2051549703424627,0.14209045410156246,0.02079207731890562,0.08423556714057924,0.09495939583778382,0.0003588309981544314,1.1972715854644775,0.010257959365844727,4.37388090327853,4.764998988671736,4.989443778991699,0.25189153768657285,55.80042932250283,58.364506244659424,291.12820625471375,2.8839941805059266,2.756753063201904,0.40761890319491967
81,false,Continue,576.0244691158451,11,4.70312,0.2051549703424627,0.14209045410156246,0.020792077318905623,0.08426369214057922,0.09495939583778382,0.00035823739542244356,1.1972715854644775,0.010257959365844727,4.37388090327853,4.766419443217191,4.989443778991699,0.25258656343810937,55.77486114068465,58.364506244659424,292.1662106097109,2.8851305441422896,2.756753063201904,0.40573488962881576
82,false,Continue,576.0225173522997,15,4.70312,0.1827001495361328,0.11122486114501953,0.016525646273433028,0.08003682879447939,0.08192636263370513,0.000378302624945268,0.8807275136311848,0.010257959365844727,3.419433228898692,4.824655389785766,4.989443778991699,0.19042362346561595,52.96237192153931,42.61252784729004,265.58080728293857,2.7654268074035646,2.4067530632019043,0.3445813530816437
83,false,Continue,576.0165075348845,10,4.70312,0.214547981262207,0.14209045410156246,0.022023957914869805,0.08527086259126665,0.09495939583778382,0.00038568596121619657,1.3159729480743407,0.010257959365844727,4.687656394376344,4.743468391895294,4.989443778991699,0.2742136723483619,57.60486130714416,58.505131244659424,283.6981154533894,2.9367182922363284,2.98921365737915,0.41667280113662614
84,false,Continue,576.0164783564961,11,4.70312,0.20492769761518997,0.14209045410156246,0.020839610555322522,0.08434806714057924,0.09495939583778382,0.00035648443097648,1.1972715854644775,0.010257959365844727,4.37388090327853,4.766419443217191,4.989443778991699,0.25258656343810937,55.72372477704828,58.364506244659424,294.2537250015233,2.8885396350513806,2.756753063201904,0.4005385341125554
85,false,Continue,576.0014132977597,10,4.70312,0.21696116638183596,0.12540765762329098,0.025505941807826567,0.07977552802085877,0.07852323763370514,0.00037778913559415733,1.1270171403884888,0.0024454593658447266,3.5350580406240986,4.869626104831696,4.995929956436157,0.1526443089252933,55.16300332546234,50.48851704597473,312.44899199122926,2.7804965496063234,2.581753063201904,0.33218879661324585
86,false,Continue,575.9995005890961,12,4.70312,0.2287981383005778,0.15423171997070312,0.024274219346115636,0.07788866408467293,0.07860058138370515,0.00045812918801939974,1.3555063605308533,0.0024454593658447266,4.30946691092351,4.788347164789836,4.995929956436157,0.22999531793643538,56.142843782901764,50.48851704597473,323.1483655185714,2.8019702434539795,2.581753063201904,0.3792224739859169
87,false,Continue,575.9963898186076,15,4.70312,0.1584657313028971,0.10872486114501953,0.013230893822348088,0.08438028539180759,0.08192636263370513,0.0002937811214939713,0.5438265800476074,0.0024454593658447266,2.163593695875233,4.91016488869985,4.995929956436157,0.1016567525878812,50.19508037567139,40.42798447608948,226.54360550970537,2.6754987208048506,2.4067530632019043,0.28875554817241067
88,false,Continue,575.9931554229024,11,4.70312,0.17352008472789415,0.10372486114501954,0.017510651351911793,0.08544540305137636,0.09480470833778382,0.0003608409700667904,0.7412601600993763,0.0024454593658447266,2.873130692405657,4.879567243836143,4.995929956436157,0.13846661489822287,53.011045087467544,42.75315284729004,251.87442273211636,2.6730043064464217,2.4067530632019043,0.3130821655265649
89,false,Continue,575.9923360138743,15,4.70312,0.16000123341878253,0.10872486114501953,0.013226786999091914,0.08055279179573063,0.08192636263370513,0.00038957846446739663,0.5447566350301106,0.0024454593658447266,2.169510019509375,4.906588776906331,4.988117456436157,0.10106776702979729,49.107448482513426,40.42798447608948,226.63575849722088,2.5848675664265954,2.4067530632019043,0.2500578351980434
90,false,Continue,575.9908614939968,15,4.70312,0.18228348286946613,0.10872486114501953,0.016754792415666016,0.08346057879447939,0.09465002083778382,0.0004180391595287962,0.8776025136311849,0.0024454593658447266,3.443389319110561,4.824134556452433,4.982677102088928,0.1861462574206405,53.38424692153931,42.75315284729004,258.81431794800193,2.742926807403565,2.4067530632019043,0.3645595841029797
91,false,Continue,575.9896649986913,17,4.70312,0.15585787156048944,0.10747486114501953,0.011809090009047047,0.08144881979297193,0.08192636263370513,0.0003643280998727635,0.4815070909612319,0.0024454593658447266,1.9332700560682456,4.912581934648402,4.980304956436157,0.0886753436894041,48.93462311520296,40.42798447608948,214.0555288196456,2.629128871244543,2.4067530632019043,0.27282288378126046
92,false,Continue,575.9880458020984,16,4.70312,0.22255989313125607,0.14334045410156246,0.02440965313766589,0.08157057191282514,0.08821084798574447,0.0004294145732721049,1.2176323980093002,0.0024454593658447266,3.73417211500596,4.832596153020859,4.992686867713928,0.17496396631619385,57.321428552269936,58.505131244659424,279.1972526341836,2.8245623469352727,2.7598780632019038,0.35721536011910554
93,false,Continue,575.9869046743913,9,4.70312,0.18986346774631074,0.10747486114501953,0.020465823267976316,0.08156959953308107,0.08192636263370513,0.0003898143038392966,0.9080453713734945,0.0024454593658447266,3.437762285539604,4.8554449743694725,4.995929956436157,0.16948286208915103,52.82290577888489,42.75315284729004,296.2775748360413,2.7328656938340927,2.4067530632019043,0.3479416152151539
94,false,Continue,575.9858356509332,11,4.70312,0.2074761095913974,0.14334045410156246,0.020805480620908527,0.07911469519138338,0.08192636263370513,0.0004807969316027931,1.1971193877133457,0.0024454593658447266,4.409467996826383,4.769355427135121,4.995929956436157,0.2482342315017617,54.36843128637834,42.75315284729004,317.8159167488085,2.7649516972628505,2.4067530632019043,0.39885746193928295
95,false,Continue,575.9832714502141,14,4.70312,0.19200177328927176,0.12540765762329098,0.019987449067746958,0.08186262913261143,0.08805616048574447,0.00045939963390231186,0.8108376264572144,0.0024454593658447266,2.7504111508451015,4.903744953019278,4.992686867713928,0.10882096561858304,54.35896687848227,50.62914204597473,247.1021382496064,2.735882343564715,2.584878063201904,0.33627676222601505
96,false,Continue,575.9831509549085,14,4.70312,0.16366383143833704,0.10747486114501953,0.014165607681459396,0.081007134950161,0.08192636263370513,0.00041511897827630303,0.5846092190061297,0.0024454593658447266,2.318330315291528,4.901323335511344,4.988117456436157,0.10692866651896546,49.94839234011514,41.59056866168976,235.4533869000033,2.5984828880855018,2.4067530632019043,0.2677130896933219
97,false,Continue,575.9770924285697,11,4.70312,0.21258951360529119,0.14334045410156246,0.023662116777996824,0.07859381062984468,0.08192636263370513,0.0005212213396544792,1.0304554809223523,0.0024454593658447266,3.326907186139162,4.8834546045823535,4.995929956436157,0.13748077648976464,54.38639760017395,42.75315284729004,291.4954300656633,2.708663402904164,2.4067530632019043,0.3503926844882558
98,false,Continue,575.9763657975342,15,4.70312,0.25243051656087245,0.14271545410156247,0.03068902972774727,0.07676078974723817,0.07635761263370516,0.00028252894320596357,1.3876296838124593,0.0024454593658447266,3.2859788439759483,4.911471819877624,4.997256278991699,0.10053473672158919,58.77457222938538,63.77173447608948,320.6958610802694,2.8445246251424154,2.763003063201904,0.26248955197941387
99,false,Continue,575.975425029238,16,4.70312,0.24537801265716558,0.14271545410156247,0.0294892403670891,0.07968638355433942,0.07918065950870515,0.00032615501316694373,1.3009095042943954,0.0024454593658447266,3.1872438892916266,4.917809911072254,4.997256278991699,0.09444595160031391,58.986247792840004,61.13843286037445,289.1643871486147,2.8753230392932894,2.9923386573791504,0.2860827949363976
100,false,Stopped (maximum cycles reached),575.9750433434078,18,4.70312,0.22652228673299155,0.14271545410156247,0.024357387866025586,0.08067986474037171,0.08192636263370513,0.0003703392560338459,1.360547145207723,0.0024454593658447266,4.20689136700022,4.788252221213447,4.993872940540314,0.22095149110063655,57.22674822807312,58.469974994659424,312.83995956351197,2.8585053390926785,2.763003063201904,0.3554816126410061
